{
  "name": "logreg_small_cmaes_strat_44n",
  "N": [
    100,
    135,
    189,
    225.64102564,
    260,
    351.28205128,
    476.92307692,
    550,
    602.56410256,
    728.20512821,
    853.84615385,
    979.48717949,
    1105.12820513,
    1230.76923077,
    1356.41025641,
    1482.05128205,
    1607.69230769,
    1733.33333333,
    1858.97435897,
    1984.61538462,
    2110.25641026,
    2235.8974359,
    2361.53846154,
    2487.17948718,
    2612.82051282,
    2738.46153846,
    2864.1025641,
    2989.74358974,
    3115.38461538,
    3241.02564103,
    3366.66666667,
    3492.30769231,
    3617.94871795,
    3743.58974359,
    3869.23076923,
    3994.87179487,
    4120.51282051,
    4246.15384615,
    4371.79487179,
    4497.43589744,
    4623.07692308,
    4748.71794872,
    4874.35897436,
    5000
  ],
  "trials": 1000,
  "method": "ttest",
  "D": 5,
  "tprs": [
    0.05,
    0.95
  ],
  "test_size": 0.4,
  "opt": "CMAES",
  "stratify": true,
  "hard_barrier": true,
  "thetas": 50,
  "thresh": 0.2
}