{
  "name": "logreg_med_cmaes_strat_imbalance_med_dry",
  "N": [
    100,
    111.30421933,
    123.8862924,
    137.89067061,
    153.47813444,
    170.82763938,
    190.13837041,
    211.63202882,
    235.55537753,
    262.18307404,
    291.82082376,
    324.80888972,
    361.52599901,
    402.39369086,
    447.88115623,
    498.51062446,
    554.86335881,
    617.58632986,
    687.39964312,
    765.10480643,
    851.59393183,
    947.85997765,
    1055.00814844,
    1174.26858345,
    1307.01047961,
    1454.75781085,
    1619.20682446,
    1802.24551525,
    2005.9753011,
    2232.73514878,
    2485.12842698,
    2766.05279492,
    3078.73346955,
    3426.76025343,
    3814.12874828,
    4245.28622739,
    4725.18269359,
    5259.32770886,
    5853.85364818,
    6515.58610364,
    7252.12224722,
    8071.91805189,
    8984.38537235,
    10000
  ],
  "trials": 1000,
  "method": "ttest",
  "D": 5,
  "tprs": [
    0.05,
    0.95
  ],
  "test_size": 0.4,
  "opt": "CMAES",
  "stratify": true,
  "hard_barrier": true,
  "thetas": 50,
  "thresh": 0.45,
  "a_prob": 0.1
}