{
  "name": "nn_30trials",
  "N": [
    1000,
    1438.44988829,
    2069.13808111,
    2976.35144163,
    4281.33239872,
    6158.48211066,
    8858.6679041,
    12742.74985703,
    18329.80710832,
    26366.5089873,
    37926.90190732,
    54555.94781169,
    78475.99703515,
    112883.78916847,
    162377.67391887,
    233572.14690901,
    335981.82862838,
    483293.02385718,
    695192.79617756,
    1000000
  ],
  "trials": 10,
  "methods": [
    "ttest",
    "hoeffdings"
  ],
  "D": 6,
  "tprs": [
    0.3,
    0.8
  ],
  "test_size": 0.4,
  "opt": "NN"
}
