{
  "name": "logreg_small_cmaes_strat_imbalance_dry",
  "N": [
    100,
    109.52441201,
    119.95596827,
    131.38106893,
    143.89434324,
    157.59943336,
    172.60985272,
    189.04992627,
    207.05582017,
    226.77666958,
    248.37581395,
    272.03214981,
    297.94161257,
    326.31879932,
    357.39874625,
    391.43887537,
    428.72112665,
    469.55429315,
    514.27657866,
    563.25839891,
    616.90544953,
    675.66206628,
    740.01490531,
    810.49697386,
    887.69204502,
    972.23949281,
    1064.83958787,
    1166.25929752,
    1277.33863818,
    1398.9976329,
    1532.24393154,
    1678.18115665,
    1838.01804437,
    2013.07845582,
    2204.81234214,
    2414.80775376,
    2644.80399359,
    2896.70602293,
    3172.60023941,
    3474.7717578,
    3805.72333659,
    4168.19610731,
    4565.19227816,
    5000
  ],
  "trials": 50,
  "method": "ttest",
  "D": 5,
  "tprs": [
    0.1,
    0.9
  ],
  "test_size": 0.4,
  "opt": "CMAES",
  "stratify": true,
  "hard_barrier": true,
  "thetas": 50,
  "thresh": 0.2,
  "a_prob": 0.1
}