{
  "name": "logreg_small_cmaes_nostrat_dryrun_2",
  "N": [
    200,
    452.63157895,
    705.26315789,
    957.89473684,
    1210.52631579,
    1463.15789474,
    1715.78947368,
    1968.42105263,
    2221.05263158,
    2473.68421053,
    2726.31578947,
    2978.94736842,
    3231.57894737,
    3484.21052632,
    3736.84210526,
    3989.47368421,
    4242.10526316,
    4494.73684211,
    4747.36842105,
    5000
  ],
  "trials": 50,
  "method": "ttest",
  "D": 5,
  "tprs": [
    0.2,
    0.9
  ],
  "test_size": 0.4,
  "opt": "CMAES",
  "stratify": false,
  "hard_barrier": true,
  "thetas": 10,
  "thresh": 0.2
}
